state,account length,area code,international plan,voice mail plan,number vmail messages,total day minutes,total day calls,total day charge,total eve minutes,total eve calls,total eve charge,total night minutes,total night calls,total night charge,total intl minutes,total intl calls,total intl charge,customer service calls,churn
KY,89,408,no,no,0,192.1,83,32.66,163.6,88,13.91,169.7,138,7.64,6.1,3,1.65,0,False
SD,87,415,no,yes,21,214.0,113,36.38,180.0,114,15.3,134.5,82,6.05,10.6,5,2.86,0,False
ID,83,415,no,no,0,159.3,104,27.08,202.3,98,17.2,229.0,73,10.31,9.5,3,2.57,2,False
CO,65,510,no,no,0,158.8,53,27.0,188.5,132,16.02,189.3,87,8.52,9.8,4,2.65,2,False
TN,95,510,no,no,0,174.0,57,29.58,281.1,118,23.89,197.2,94,8.87,9.7,2,2.62,0,False
TX,128,415,no,yes,40,171.2,88,29.1,145.7,109,12.38,196.8,93,8.86,14.0,6,3.78,1,False
MS,140,408,no,no,0,162.6,98,27.64,206.2,109,17.53,141.6,66,6.37,8.2,2,2.21,1,False
MT,74,415,no,no,0,162.7,102,27.66,292.0,105,24.82,183.3,80,8.25,8.7,6,2.35,0,False
ME,88,415,no,no,0,192.0,91,32.64,127.6,127,10.85,155.6,125,7.0,7.5,5,2.03,1,False
OK,88,408,no,no,0,65.4,97,11.12,168.2,76,14.3,236.0,113,10.62,13.8,1,3.73,2,False
RI,127,510,no,no,0,96.0,117,16.32,177.0,68,15.05,162.2,127,7.3,9.7,4,2.62,3,False
MI,105,415,no,yes,29,179.4,113,30.5,275.4,100,23.41,246.1,105,11.07,10.0,5,2.7,0,False
OH,56,408,no,no,0,91.1,90,15.49,179.3,115,15.24,300.7,89,13.53,11.9,8,3.21,2,False
WV,172,415,no,no,0,211.7,100,35.99,198.7,101,16.89,301.7,136,13.58,6.5,9,1.76,1,False
WA,56,408,no,no,0,210.4,80,35.77,176.6,96,15.01,149.7,56,6.74,15.5,4,4.19,1,False
MO,142,415,no,yes,30,154.0,75,26.18,165.8,97,14.09,270.0,83,12.15,10.8,5,2.92,1,False
TN,67,415,no,no,0,179.8,125,30.57,173.2,86,14.72,272.8,97,12.28,10.9,4,2.94,0,False
MS,158,510,no,no,0,175.9,105,29.9,188.3,88,16.01,188.3,98,8.47,11.0,6,2.97,1,False
KY,125,408,no,no,0,191.6,115,32.57,205.6,108,17.48,210.2,123,9.46,9.2,3,2.48,2,False
ND,90,415,no,yes,22,124.5,94,21.17,231.7,90,19.69,222.2,108,10.0,6.4,12,1.73,1,False
WY,78,415,no,no,0,147.1,80,25.01,199.7,100,16.97,160.7,106,7.23,13.7,7,3.7,0,False
SD,128,415,no,no,0,247.3,91,42.04,182.7,60,15.53,143.2,112,6.44,14.7,2,3.97,3,False
HI,101,510,no,no,0,93.8,127,15.95,150.0,104,12.75,241.1,116,10.85,10.7,2,2.89,1,False
MA,56,510,no,no,0,253.2,95,43.04,188.0,116,15.98,142.0,133,6.39,4.4,4,1.19,1,False
WV,127,510,no,no,0,224.3,112,38.13,185.7,103,15.78,159.4,83,7.17,10.0,1,2.7,2,False
OK,117,415,no,yes,31,104.9,115,17.83,237.6,125,20.2,263.4,104,11.85,7.7,6,2.08,3,False
MA,123,415,no,no,0,209.4,49,35.6,237.4,117,20.18,239.2,98,10.76,9.8,11,2.65,1,False
ID,42,415,no,no,0,92.2,108,15.67,211.2,120,17.95,129.1,73,5.81,13.1,6,3.54,1,False
SC,99,510,yes,yes,39,126.8,94,21.56,293.6,115,24.96,174.1,91,7.83,8.4,4,2.27,0,False
NM,183,415,no,no,0,190.0,100,32.3,246.6,78,20.96,304.2,107,13.69,9.5,4,2.57,1,False
CT,212,415,no,no,0,126.0,96,21.42,144.3,80,12.27,302.8,102,13.63,7.6,3,2.05,1,False
UT,48,510,no,yes,43,172.0,111,29.24,200.2,64,17.02,233.1,96,10.49,8.0,5,2.16,1,False
ME,52,510,no,no,0,129.3,80,21.98,142.7,101,12.13,258.3,89,11.62,12.3,4,3.32,3,False
MS,130,510,no,no,0,203.9,63,34.66,191.8,93,16.3,132.5,125,5.96,12.1,4,3.27,3,False
UT,134,415,no,no,0,258.8,85,44.0,129.5,114,11.01,193.6,106,8.71,10.9,7,2.94,2,False
IN,7,415,no,no,0,206.7,87,35.14,281.1,83,23.89,158.5,77,7.13,11.0,5,2.97,3,False
ID,122,510,no,yes,33,270.8,96,46.04,220.4,110,18.73,169.9,104,7.65,11.8,8,3.19,4,False
FL,130,415,no,no,0,207.1,70,35.21,200.1,115,17.01,194.2,100,8.74,12.4,2,3.35,1,False
NY,112,415,no,yes,23,286.6,79,48.72,315.3,102,26.8,193.9,101,8.73,10.3,6,2.78,1,False
WV,84,408,no,no,0,146.8,133,24.96,171.7,73,14.59,234.5,69,10.55,9.9,3,2.67,1,False
FL,155,415,no,no,0,181.4,111,30.84,167.7,92,14.25,168.5,122,7.58,11.3,3,3.05,3,False
LA,115,415,no,yes,26,170.5,107,28.99,217.2,77,18.46,225.7,71,10.16,13.6,5,3.67,6,False
CT,74,408,no,no,0,157.1,95,26.71,213.1,36,18.11,280.4,77,12.62,7.6,3,2.05,2,False
OR,51,510,no,no,0,51.8,107,8.81,230.2,104,19.57,227.5,118,10.24,10.4,4,2.81,2,False
SC,78,415,no,no,0,109.5,105,18.62,286.1,90,24.32,247.6,113,11.14,4.9,9,1.32,1,False
NY,47,415,no,yes,37,163.5,77,27.8,203.1,102,17.26,232.0,87,10.44,7.8,4,2.11,2,False
WA,13,510,no,yes,25,176.6,65,30.02,172.7,96,14.68,104.5,128,4.7,11.3,5,3.05,2,False
NH,90,408,no,no,0,140.2,97,23.83,213.9,102,18.18,120.0,126,5.4,7.1,2,1.92,1,False
NJ,123,408,no,no,0,159.5,77,27.12,303.8,92,25.82,226.9,120,10.21,12.0,4,3.24,0,False
MN,122,415,no,no,0,107.9,88,18.34,235.8,109,20.04,228.6,119,10.29,9.5,3,2.57,2,False
MO,36,408,no,no,0,177.9,129,30.24,224.6,87,19.09,306.3,102,13.78,10.8,6,2.92,2,False
ND,167,408,yes,no,0,219.1,100,37.25,242.9,90,20.65,168.9,101,7.6,10.1,4,2.73,2,False
WA,106,408,no,no,0,193.6,66,32.91,238.2,82,20.25,176.4,107,7.94,12.9,3,3.48,0,False
NV,93,408,no,no,0,114.3,100,19.43,221.1,103,18.79,126.3,88,5.68,10.9,9,2.94,0,False
MI,81,408,no,no,0,166.2,102,28.25,217.6,112,18.5,220.2,68,9.91,13.2,2,3.56,4,False
VT,137,510,no,no,0,97.5,95,16.58,195.8,82,16.64,288.8,78,13.0,0.0,0,0.0,1,False
NM,122,408,no,yes,23,134.2,85,22.81,227.3,132,19.32,122.4,96,5.51,8.5,2,2.3,2,False
NY,160,408,no,no,0,216.8,77,36.86,207.3,117,17.62,228.6,117,10.29,5.6,2,1.51,1,False
MN,13,510,no,yes,21,315.6,105,53.65,208.9,71,17.76,260.1,123,11.7,12.1,3,3.27,3,False
HI,166,408,no,no,0,181.4,108,30.84,253.8,54,21.57,112.3,94,5.05,11.6,6,3.13,1,False
MO,119,408,no,yes,32,142.6,77,24.24,208.2,126,17.7,171.0,102,7.69,12.0,2,3.24,3,False
OH,164,510,no,yes,27,159.7,102,27.15,168.8,113,14.35,244.1,127,10.98,9.6,9,2.59,3,False
IL,156,415,no,no,0,174.5,65,29.67,197.4,116,16.78,238.5,86,10.73,10.6,2,2.86,0,False
AL,100,415,no,no,0,160.3,138,27.25,221.3,92,18.81,150.4,120,6.77,11.2,2,3.02,0,False
MI,91,408,no,no,0,134.7,116,22.9,295.3,98,25.1,195.5,121,8.8,6.6,5,1.78,2,False
ME,105,510,no,no,0,212.0,113,36.04,226.6,128,19.26,193.6,114,8.71,8.9,7,2.4,3,False
OK,127,510,no,yes,27,2.6,113,0.44,254.0,102,21.59,242.7,156,10.92,9.2,5,2.48,3,False
IL,148,408,no,yes,25,230.7,102,39.22,233.8,109,19.87,215.8,90,9.71,13.5,2,3.65,3,False
LA,172,415,no,no,0,215.7,140,36.67,146.3,84,12.44,264.6,83,11.91,7.1,1,1.92,3,False
AK,100,415,no,yes,29,213.6,127,36.31,175.9,82,14.95,207.2,100,9.32,8.9,3,2.4,1,False
MO,138,415,no,yes,29,190.1,87,32.32,223.2,123,18.97,256.2,130,11.53,14.2,6,3.83,0,False
TX,51,415,no,no,0,180.5,88,30.69,134.7,102,11.45,170.7,97,7.68,10.0,3,2.7,2,False
GA,135,415,no,yes,22,197.1,113,33.51,259.4,95,22.05,134.7,135,6.06,14.6,5,3.94,2,False
MT,60,408,no,no,0,252.7,97,42.96,221.1,121,18.79,109.9,100,4.95,12.4,4,3.35,2,False
NM,87,510,yes,no,0,167.3,119,28.44,198.5,119,16.87,133.1,88,5.99,11.0,6,2.97,1,False
NM,56,408,no,no,0,146.1,57,24.84,196.2,97,16.68,310.1,110,13.95,9.2,3,2.48,0,False
GA,76,408,no,no,0,203.6,61,34.61,161.7,127,13.74,175.9,97,7.92,8.4,3,2.27,0,False
MA,90,408,no,no,0,157.9,72,26.84,234.0,93,19.89,210.0,86,9.45,12.2,5,3.29,2,False
DC,170,510,no,no,0,184.1,106,31.3,204.9,70,17.42,224.3,133,10.09,9.8,3,2.65,2,False
NE,147,415,no,yes,38,243.4,126,41.38,273.8,109,23.27,282.9,91,12.73,14.1,8,3.81,2,False
WA,136,415,no,yes,16,90.4,105,15.37,201.3,109,17.11,227.1,115,10.22,13.1,4,3.54,0,False
AL,144,415,no,no,0,177.5,93,30.18,287.4,75,24.43,180.5,118,8.12,11.9,3,3.21,2,False
LA,111,415,no,yes,28,128.8,104,21.9,157.3,52,13.37,147.4,76,6.63,10.3,2,2.78,2,False
ND,94,408,no,no,0,174.0,85,29.58,241.1,114,20.49,207.8,94,9.35,7.9,1,2.13,1,False
LA,149,415,no,yes,20,198.9,77,33.81,274.0,88,23.29,190.7,76,8.58,14.3,9,3.86,1,False
NY,9,408,no,yes,31,193.8,130,32.95,202.6,98,17.22,191.2,102,8.6,13.3,2,3.59,1,False
WA,110,510,no,no,0,185.1,100,31.47,165.1,88,14.03,111.6,104,5.02,6.3,4,1.7,3,False
NV,41,510,no,no,0,182.1,89,30.96,211.5,104,17.98,207.4,124,9.33,6.8,1,1.84,1,False
RI,33,415,no,no,0,184.4,111,31.35,203.8,110,17.32,237.4,100,10.68,9.3,5,2.51,3,False
WV,86,415,no,no,0,136.4,104,23.19,202.5,110,17.21,230.7,86,10.38,11.5,1,3.11,3,False
WI,122,510,no,yes,28,166.0,62,28.22,233.9,88,19.88,170.1,84,7.65,7.7,3,2.08,2,False
AK,36,408,no,yes,30,146.3,128,24.87,162.5,80,13.81,129.3,109,5.82,14.5,6,3.92,0,False
ME,130,408,no,no,0,176.3,140,29.97,201.0,104,17.09,161.9,123,7.29,11.3,5,3.05,1,False
MN,46,415,no,no,0,214.1,72,36.4,164.4,104,13.97,177.5,113,7.99,8.2,3,2.21,2,False
ID,148,510,no,yes,14,93.6,137,15.91,193.8,72,16.47,144.9,84,6.52,17.5,5,4.73,1,False
LA,163,408,no,yes,23,224.0,126,38.08,233.5,89,19.85,293.9,104,13.23,8.8,4,2.38,1,False
IN,36,415,no,no,0,253.4,77,43.08,182.4,151,15.5,275.8,103,12.41,8.4,2,2.27,1,False
MN,53,415,no,no,0,164.1,106,27.9,206.0,56,17.51,194.7,124,8.76,11.4,2,3.08,1,False
CO,107,415,no,no,0,204.5,108,34.77,162.4,110,13.8,155.0,102,6.98,13.4,1,3.62,3,False
WA,157,415,no,no,0,152.7,105,25.96,257.5,80,21.89,198.1,93,8.91,9.4,4,2.54,1,False
PA,28,415,no,no,0,168.2,87,28.59,161.7,92,13.74,192.4,112,8.66,10.1,3,2.73,3,False
MT,114,510,no,no,0,189.8,101,32.27,147.7,80,12.55,172.7,121,7.77,10.6,5,2.86,1,False
MI,97,408,no,yes,32,168.4,129,28.63,225.9,97,19.2,191.8,95,8.63,8.5,7,2.3,0,False
CT,89,415,no,no,0,82.3,77,13.99,167.2,80,14.21,194.7,70,8.76,7.2,4,1.94,1,False
CT,90,415,no,no,0,37.8,80,6.43,155.3,105,13.2,175.0,111,7.88,14.2,5,3.83,3,False
CT,30,408,no,no,0,137.6,108,23.39,162.0,80,13.77,187.7,126,8.45,5.8,10,1.57,3,False
WY,139,415,no,no,0,192.8,104,32.78,234.4,96,19.92,203.2,101,9.14,13.0,3,3.51,3,False
KS,132,415,no,no,0,190.1,105,32.32,182.2,116,15.49,279.8,105,12.59,13.0,2,3.51,1,False
NH,97,408,no,yes,28,283.1,93,48.13,185.4,98,15.76,312.8,78,14.08,6.1,8,1.65,1,False
SC,100,510,no,no,0,115.9,87,19.7,111.3,56,9.46,170.2,77,7.66,7.1,4,1.92,1,False
MA,93,415,no,no,0,173.0,131,29.41,190.4,108,16.18,290.0,66,13.05,10.4,2,2.81,0,False
MA,145,415,no,no,0,175.8,89,29.89,274.3,119,23.32,226.6,69,10.2,12.4,4,3.35,1,False
ME,79,415,no,no,0,213.6,110,36.31,234.9,121,19.97,229.6,157,10.33,8.8,3,2.38,2,False
IA,134,415,no,yes,32,216.8,78,36.86,102.2,111,8.69,174.0,83,7.83,8.6,2,2.32,0,False
MA,120,415,no,no,0,137.3,100,23.34,212.2,129,18.04,152.7,92,6.87,10.5,2,2.84,1,False
KS,164,510,no,yes,30,238.8,100,40.6,230.0,121,19.55,206.3,66,9.28,13.2,8,3.56,1,False
NV,116,408,no,no,0,110.9,54,18.85,213.4,82,18.14,186.2,116,8.38,7.9,2,2.13,2,False
IN,117,415,yes,yes,22,196.0,82,33.32,322.7,82,27.43,225.6,120,10.15,3.7,5,1.0,1,False
SD,122,415,yes,yes,40,216.4,80,36.79,249.7,90,21.22,185.9,99,8.37,12.7,4,3.43,1,False
SD,126,415,no,yes,23,114.3,102,19.43,190.3,103,16.18,240.4,111,10.82,12.6,7,3.4,3,False
CO,111,510,no,yes,24,205.5,114,34.94,219.3,99,18.64,215.9,95,9.72,14.0,4,3.78,1,False
WI,105,408,no,no,0,147.7,103,25.11,222.7,78,18.93,163.5,102,7.36,12.8,3,3.46,2,False
DC,76,415,no,no,0,224.4,121,38.15,147.9,97,12.57,183.8,74,8.27,6.7,2,1.81,2,False
MS,103,510,no,yes,29,164.1,111,27.9,219.1,96,18.62,220.3,108,9.91,12.3,9,3.32,0,False
DC,157,510,no,yes,29,219.2,102,37.26,206.0,109,17.51,192.4,117,8.66,15.0,5,4.05,1,False
WI,112,408,no,no,0,167.8,88,28.53,247.9,81,21.07,155.1,108,6.98,11.9,4,3.21,0,False
WI,70,415,no,no,0,156.4,108,26.59,171.0,116,14.54,196.1,96,8.82,8.6,4,2.32,2,False
OK,57,408,no,yes,25,176.8,94,30.06,195.0,75,16.58,213.5,116,9.61,8.3,4,2.24,0,False
KS,132,415,no,no,0,83.4,110,14.18,232.2,137,19.74,146.7,114,6.6,7.6,5,2.05,1,False
HI,150,415,no,no,0,214.0,117,36.38,192.4,89,16.35,242.6,99,10.92,7.9,4,2.13,1,False
WV,92,415,no,yes,47,141.6,95,24.07,207.9,130,17.67,203.6,95,9.16,10.2,11,2.75,0,False
OH,127,408,no,no,0,139.6,94,23.73,240.9,112,20.48,127.1,88,5.72,8.8,4,2.38,2,False
OK,146,415,no,no,0,206.3,151,35.07,148.6,89,12.63,167.2,91,7.52,6.1,3,1.65,1,False
IA,36,510,no,no,0,117.1,94,19.91,235.4,117,20.01,221.3,108,9.96,9.0,2,2.43,0,False
LA,158,408,no,no,0,202.0,126,34.34,163.5,86,13.9,195.4,84,8.79,10.4,6,2.81,1,False
TX,82,415,no,no,0,130.0,110,22.1,185.3,88,15.75,178.7,105,8.04,8.3,4,2.24,0,False
WV,112,415,yes,no,0,161.9,138,27.52,200.9,114,17.08,134.0,134,6.03,10.7,4,2.89,1,False
OH,29,408,no,no,0,196.8,81,33.46,168.0,110,14.28,132.6,98,5.97,12.7,7,3.43,2,False
NM,56,408,no,no,0,197.0,110,33.49,222.8,102,18.94,225.3,91,10.14,10.6,6,2.86,2,False
IL,107,415,no,yes,14,114.3,132,19.43,199.8,91,16.98,194.7,74,8.76,7.5,8,2.03,1,False
MT,10,510,no,no,0,183.0,103,31.11,214.8,77,18.26,206.4,73,9.29,8.7,6,2.35,2,False
LA,123,510,no,yes,32,212.3,77,36.09,251.5,78,21.38,208.7,85,9.39,6.6,2,1.78,3,False
MS,65,415,no,no,0,136.1,112,23.14,272.9,96,23.2,220.2,104,9.91,4.4,2,1.19,1,False
NC,210,415,no,yes,31,313.8,87,53.35,147.7,103,12.55,192.7,97,8.67,10.1,7,2.73,3,False
VT,128,510,no,yes,29,179.3,104,30.48,225.9,86,19.2,323.0,78,14.54,8.6,7,2.32,0,False
UT,116,415,no,yes,44,230.6,94,39.2,224.1,103,19.05,244.0,76,10.98,11.1,2,3.0,0,False
NM,147,510,no,no,0,248.6,83,42.26,148.9,85,12.66,172.5,109,7.76,8.0,4,2.16,3,False
MT,25,415,no,no,0,134.3,98,22.83,202.3,109,17.2,195.9,100,8.82,12.6,5,3.4,2,False
IL,183,510,no,no,0,108.3,87,18.41,183.6,116,15.61,176.6,109,7.95,13.5,2,3.65,0,False
IN,60,408,no,no,0,220.6,57,37.5,211.1,115,17.94,249.0,129,11.21,6.8,3,1.84,1,False
HI,3,408,no,no,0,139.0,99,23.63,250.7,108,21.31,286.2,87,12.88,6.1,3,1.65,4,False
AL,91,408,yes,no,0,151.8,115,25.81,103.6,116,8.81,156.3,86,7.03,12.2,4,3.29,1,False
TX,58,408,no,yes,20,194.5,110,33.07,213.7,89,18.16,236.6,92,10.65,9.5,2,2.57,1,False
IA,105,510,no,yes,15,88.1,125,14.98,175.9,142,14.95,269.9,85,12.15,9.7,1,2.62,2,False
AK,104,408,no,no,0,278.4,106,47.33,81.0,113,6.89,163.2,137,7.34,9.8,5,2.65,1,False
MI,74,415,no,no,0,124.8,114,21.22,133.0,121,11.31,160.3,85,7.21,10.6,7,2.86,3,False
ME,174,415,no,no,0,190.3,98,32.35,252.7,70,21.48,220.6,97,9.93,7.2,9,1.94,2,False
AZ,43,415,no,no,0,179.3,97,30.48,252.7,126,21.48,227.5,114,10.24,8.0,5,2.16,0,False
FL,136,408,yes,no,0,199.2,122,33.86,214.7,114,18.25,150.9,105,6.79,11.8,7,3.19,1,False
AZ,100,415,no,no,0,188.5,152,32.05,148.3,115,12.61,179.8,88,8.09,15.2,5,4.1,2,False
TX,121,415,no,no,0,86.1,100,14.64,259.8,113,22.08,148.0,79,6.66,9.1,9,2.46,2,False
UT,36,415,no,yes,16,149.4,111,25.4,131.8,113,11.2,132.7,87,5.97,6.7,2,1.81,0,False
SD,97,415,no,no,0,168.6,87,28.66,259.2,105,22.03,279.8,123,12.59,7.3,4,1.97,1,False
AR,74,510,no,no,0,148.5,111,25.25,146.5,42,12.45,289.2,83,13.01,9.9,6,2.67,3,False
FL,41,415,no,yes,41,207.3,95,35.24,137.3,120,11.67,115.7,74,5.21,5.9,3,1.59,1,False
AZ,113,510,no,no,0,81.3,116,13.82,220.6,124,18.75,235.7,113,10.61,8.9,3,2.4,0,False
NJ,108,415,no,yes,41,171.6,110,29.17,136.1,78,11.57,183.4,103,8.25,10.8,7,2.92,0,False
NH,55,408,no,yes,20,189.3,95,32.18,118.6,113,10.08,250.2,102,11.26,12.5,4,3.38,2,False
UT,78,415,no,no,0,193.1,85,32.83,172.1,105,14.63,129.6,119,5.83,10.2,1,2.75,0,False
OR,163,408,no,yes,25,219.6,99,37.33,210.4,99,17.88,242.7,88,10.92,13.8,8,3.73,2,False
TN,93,510,yes,no,0,168.4,114,28.63,276.0,127,23.46,196.2,48,8.83,11.4,3,3.08,1,False
IL,134,408,no,no,0,183.8,111,31.25,123.5,92,10.5,160.7,105,7.23,6.1,2,1.65,1,False
AZ,108,415,no,no,0,193.3,126,32.86,154.7,85,13.15,174.8,98,7.87,9.4,6,2.54,3,False
LA,94,415,no,no,0,212.1,98,36.06,189.4,89,16.1,352.2,95,15.85,8.4,5,2.27,3,False
MO,110,415,no,no,0,178.5,124,30.35,146.9,141,12.49,217.1,102,9.77,9.9,7,2.67,1,False
AR,68,510,no,no,0,172.7,95,29.36,139.1,90,11.82,174.3,99,7.84,11.7,1,3.16,2,False
OH,132,415,no,yes,10,182.9,54,31.09,292.4,68,24.85,142.3,116,6.4,11.5,4,3.11,0,False
CO,108,415,no,no,0,215.6,78,36.65,195.3,119,16.6,194.4,65,8.75,3.6,5,0.97,1,False
IA,52,408,no,no,0,191.9,108,32.62,269.8,96,22.93,236.8,87,10.66,7.8,5,2.11,3,False
ID,101,510,no,yes,17,193.9,71,32.96,189.8,81,16.13,196.3,97,8.83,12.6,7,3.4,0,False
WV,173,510,no,no,0,109.4,103,18.6,101.3,111,8.61,167.3,106,7.53,7.8,7,2.11,1,False
CO,140,415,no,no,0,149.7,71,25.45,212.5,97,18.06,245.9,67,11.07,12.6,4,3.4,3,False
AL,117,510,no,no,0,158.7,84,26.98,181.7,91,15.44,177.3,67,7.98,7.7,10,2.08,2,False
PA,82,408,no,no,0,125.7,96,21.37,207.6,137,17.65,183.1,103,8.24,12.9,2,3.48,1,False
DC,123,408,no,yes,28,124.7,105,21.2,250.4,78,21.28,216.4,128,9.74,7.8,8,2.11,1,False
WI,73,415,no,no,0,214.2,90,36.41,196.8,78,16.73,157.9,112,7.11,5.9,8,1.59,0,False
IL,44,415,no,yes,34,221.8,105,37.71,161.7,85,13.74,227.7,62,10.25,14.0,7,3.78,0,False
NC,72,415,no,no,0,137.6,106,23.39,143.5,94,12.2,273.7,110,12.32,9.6,6,2.59,2,False
KY,112,415,no,no,0,170.5,113,28.99,193.2,129,16.42,188.0,91,8.46,11.2,6,3.02,0,False
MI,120,408,no,no,0,165.0,100,28.05,317.2,83,26.96,119.2,86,5.36,8.3,8,2.24,1,False
WY,185,415,yes,yes,30,154.1,114,26.2,118.7,106,10.09,258.4,105,11.63,12.9,3,3.48,2,False
DE,62,408,no,no,0,182.3,101,30.99,328.2,93,27.9,245.0,131,11.03,11.2,1,3.02,2,False
NC,125,408,no,no,0,212.3,89,36.09,215.4,127,18.31,186.8,73,8.41,11.3,2,3.05,2,False
WV,102,408,no,no,0,234.8,125,39.92,199.2,99,16.93,163.2,88,7.34,10.0,1,2.7,4,False
WA,29,415,no,no,0,157.4,122,26.76,145.0,75,12.33,281.8,92,12.68,9.3,2,2.51,1,False
NV,27,510,no,no,0,177.6,121,30.19,296.8,92,25.23,192.9,106,8.68,7.6,3,2.05,3,False
IN,119,510,no,no,0,154.5,129,26.27,193.6,87,16.46,180.9,145,8.14,13.4,3,3.62,2,False
AL,146,415,no,yes,32,154.0,80,26.18,185.5,91,15.77,148.2,107,6.67,8.2,4,2.21,3,False
WV,101,415,no,yes,28,220.3,96,37.45,285.8,72,24.29,203.0,111,9.14,9.4,6,2.54,4,False
MA,80,408,no,yes,36,190.3,115,32.35,256.6,78,21.81,214.9,145,9.67,3.8,4,1.03,1,False
DC,121,408,no,no,0,168.6,121,28.66,168.6,94,14.33,95.3,59,4.29,12.3,4,3.32,1,False
ID,99,408,no,no,0,190.4,102,32.37,158.1,107,13.44,271.5,92,12.22,11.2,4,3.02,2,False
SC,152,408,no,no,0,140.5,92,23.89,186.8,96,15.88,227.0,89,10.22,9.5,5,2.57,2,False
MI,50,415,no,yes,35,192.6,97,32.74,135.2,101,11.49,216.2,101,9.73,7.9,2,2.13,2,False
ME,82,510,no,yes,29,207.2,111,35.22,254.1,137,21.6,169.3,92,7.62,9.5,5,2.57,2,False
AZ,100,415,no,no,0,131.1,108,22.29,176.2,81,14.98,89.7,81,4.04,4.3,4,1.16,1,False
DE,89,510,yes,no,0,125.6,108,21.35,213.0,90,18.11,181.7,108,8.18,5.4,5,1.46,1,False
AL,83,408,no,no,0,202.3,87,34.39,201.5,111,17.13,101.7,82,4.58,6.8,4,1.84,0,False
NE,78,510,no,yes,32,210.3,116,35.75,192.2,83,16.34,246.1,92,11.07,10.8,4,2.92,6,False
OH,119,415,no,yes,27,220.1,128,37.42,268.2,133,22.8,146.5,80,6.59,11.1,3,3.0,0,False
VA,115,415,no,no,0,132.0,90,22.44,197.5,75,16.79,175.8,114,7.91,0.0,0,0.0,3,False
AL,95,415,no,no,0,229.9,116,39.08,202.4,110,17.2,171.4,105,7.71,14.2,6,3.83,1,False
VA,118,408,no,no,0,154.8,71,26.32,244.0,73,20.74,159.6,81,7.18,12.8,4,3.46,0,False
WI,93,415,no,no,0,152.1,141,25.86,215.5,107,18.32,262.4,111,11.81,12.0,7,3.24,1,False
NV,77,415,no,no,0,142.3,112,24.19,306.3,111,26.04,196.5,82,8.84,9.9,1,2.67,1,False
AK,41,415,no,no,0,159.3,66,27.08,125.9,75,10.7,261.9,76,11.79,11.1,5,3.0,1,False
OH,169,408,no,no,0,147.2,115,25.02,161.9,123,13.76,142.1,103,6.39,7.2,6,1.94,3,False
ND,59,510,no,no,0,179.4,80,30.5,232.5,99,19.76,175.8,105,7.91,14.7,3,3.97,0,False
DC,126,510,no,no,0,122.4,88,20.81,143.8,111,12.22,157.0,106,7.07,11.5,3,3.11,1,False
NC,63,415,no,yes,29,142.3,107,24.19,118.7,56,10.09,240.1,91,10.8,6.6,8,1.78,1,False
DE,119,415,no,no,0,176.8,90,30.06,224.7,81,19.1,204.6,77,9.21,7.5,15,2.03,1,False
SC,64,510,no,yes,37,154.6,92,26.28,83.4,103,7.09,165.9,99,7.47,13.3,3,3.59,1,False
MN,96,415,no,yes,27,261.3,96,44.42,220.9,101,18.78,179.4,97,8.07,11.3,2,3.05,1,False
AR,156,415,no,no,0,178.8,94,30.4,178.4,97,15.16,169.2,77,7.61,7.5,3,2.03,1,False
KY,43,408,no,no,0,177.2,93,30.12,142.6,60,12.12,314.1,144,14.13,12.7,2,3.43,4,False
OR,116,415,yes,no,0,215.4,104,36.62,204.8,79,17.41,278.5,109,12.53,12.6,5,3.4,3,False
WY,16,415,no,no,0,174.7,83,29.7,280.8,122,23.87,171.7,80,7.73,10.5,8,2.84,5,False
FL,22,415,no,no,0,181.8,108,30.91,198.6,148,16.88,206.6,96,9.3,9.3,3,2.51,2,False
MN,179,415,no,no,0,170.7,54,29.02,191.1,108,16.24,214.6,107,9.66,13.3,4,3.59,1,False
UT,50,510,no,no,0,258.1,106,43.88,161.4,106,13.72,225.1,110,10.13,11.7,5,3.16,1,False
NC,38,408,no,no,0,131.2,98,22.3,162.9,97,13.85,159.0,106,7.15,8.2,6,2.21,2,False
KY,73,408,no,no,0,94.9,121,16.13,253.2,83,21.52,175.1,86,7.88,14.2,2,3.83,2,False
DC,141,415,no,yes,37,185.4,87,31.52,178.5,128,15.17,218.3,107,9.82,8.0,3,2.16,4,False
MI,128,415,no,no,0,179.4,94,30.5,270.4,92,22.98,191.0,88,8.59,7.9,4,2.13,0,False
NC,114,408,no,no,0,193.0,101,32.81,250.0,81,21.25,133.3,79,6.0,9.6,2,2.59,2,False
DE,80,415,no,no,0,199.8,138,33.97,167.1,91,14.2,271.8,94,12.23,5.5,4,1.49,1,False
NY,32,415,no,no,0,164.8,98,28.02,229.9,96,19.54,167.3,108,7.53,14.8,2,4.0,2,False
TX,41,408,no,yes,22,213.8,102,36.35,141.8,86,12.05,142.2,123,6.4,7.2,3,1.94,0,False
MS,115,415,no,no,0,166.5,111,28.31,236.2,98,20.08,205.6,92,9.25,15.6,2,4.21,1,False
VT,101,415,no,no,0,153.8,89,26.15,234.0,89,19.89,196.3,77,8.83,11.6,2,3.13,4,False
GA,107,510,no,no,0,194.5,97,33.07,186.3,131,15.84,178.3,106,8.02,12.7,1,3.43,2,False
MN,117,408,no,yes,21,153.2,112,26.04,263.3,110,22.38,135.0,85,6.08,11.9,7,3.21,1,False
UT,47,408,no,yes,37,112.8,150,19.18,243.9,97,20.73,178.7,112,8.04,13.2,6,3.56,2,False
NC,64,408,no,yes,19,291.1,150,49.49,226.7,123,19.27,219.1,67,9.86,7.5,2,2.03,1,False
MO,61,408,no,no,0,45.0,108,7.65,151.3,74,12.86,152.9,94,6.88,9.8,6,2.65,2,False
MD,160,415,no,no,0,256.0,111,43.52,187.4,61,15.93,119.1,81,5.36,11.5,4,3.11,3,False
NJ,107,408,no,yes,36,96.3,83,16.37,179.6,91,15.27,166.3,121,7.48,10.3,2,2.78,1,False
VT,142,415,no,no,0,232.5,74,39.53,181.8,142,15.45,203.1,86,9.14,10.4,6,2.81,4,False
OK,35,510,no,yes,37,181.2,76,30.8,177.6,98,15.1,228.0,136,10.26,5.0,3,1.35,2,False
WA,127,408,no,no,0,146.7,91,24.94,203.5,78,17.3,203.4,110,9.15,13.7,3,3.7,1,False
NE,91,510,no,no,0,159.0,109,27.03,255.1,142,21.68,82.4,73,3.71,10.1,4,2.73,0,False
NH,148,408,no,no,0,17.6,121,2.99,161.7,125,13.74,203.1,82,9.14,10.6,6,2.86,1,False
SD,87,510,no,no,0,184.5,81,31.37,172.0,103,14.62,183.4,96,8.25,13.7,3,3.7,3,False
IL,149,408,no,no,0,69.1,117,11.75,136.3,100,11.59,181.7,53,8.18,6.3,3,1.7,1,False
SD,221,510,no,yes,24,180.5,85,30.69,224.1,92,19.05,205.7,103,9.26,2.4,3,0.65,0,False
KS,163,415,no,no,0,191.3,89,32.52,193.9,87,16.48,268.4,121,12.08,12.8,4,3.46,1,False
ME,205,510,no,yes,24,175.8,139,29.89,155.0,98,13.18,180.7,64,8.13,7.8,5,2.11,2,False
MN,138,415,no,no,0,194.3,83,33.03,189.9,97,16.14,232.2,102,10.45,9.0,3,2.43,5,False
ID,68,510,no,yes,30,122.9,93,20.89,233.5,91,19.85,199.5,144,8.98,9.6,2,2.59,2,False
VA,102,408,no,no,0,156.5,67,26.61,204.3,103,17.37,141.9,72,6.39,9.9,2,2.67,2,False
NC,122,510,no,yes,30,230.1,108,39.12,287.6,76,24.45,177.1,85,7.97,6.9,3,1.86,2,False
MS,68,415,no,no,0,94.1,93,16.0,147.6,80,12.55,213.5,85,9.61,10.1,2,2.73,0,False
CT,72,408,no,yes,21,186.7,108,31.74,335.0,86,28.48,187.2,119,8.42,16.5,4,4.46,1,False
NH,115,510,no,no,0,109.7,148,18.65,223.8,87,19.02,240.3,96,10.81,15.4,8,4.16,3,False
IL,74,510,no,yes,27,154.1,122,26.2,195.3,150,16.6,276.7,86,12.45,13.2,2,3.56,4,False
MA,80,408,no,no,0,148.6,106,25.26,210.8,65,17.92,203.7,86,9.17,10.0,2,2.7,2,False
CO,137,415,no,no,0,127.0,107,21.59,323.2,75,27.47,143.9,127,6.48,7.5,2,2.03,1,False
NH,119,408,no,no,0,138.3,89,23.51,170.5,78,14.49,263.9,98,11.88,13.5,6,3.65,3,False
MN,113,408,no,no,0,158.9,137,27.01,242.8,109,20.64,247.8,97,11.15,6.5,4,1.76,0,False
NY,115,510,no,yes,16,133.3,110,22.66,185.7,111,15.78,161.5,113,7.27,5.6,4,1.51,2,False
HI,72,415,no,no,0,109.1,97,18.55,115.7,96,9.83,295.8,84,13.31,8.3,6,2.24,0,False
MS,66,408,no,yes,32,187.8,117,31.93,129.8,90,11.03,132.3,113,5.95,12.0,3,3.24,2,False
WA,71,408,no,no,0,141.2,132,24.0,149.1,90,12.67,171.4,72,7.71,7.0,2,1.89,2,False
HI,87,408,no,yes,28,151.4,95,25.74,152.4,97,12.95,250.1,109,11.25,0.0,0,0.0,1,False
NH,146,510,no,no,0,115.6,77,19.65,213.6,100,18.16,218.4,72,9.83,10.7,6,2.89,1,False
CO,157,415,no,no,0,196.0,74,33.32,213.4,96,18.14,196.8,81,8.86,7.9,6,2.13,1,False
ND,118,415,no,yes,39,91.5,125,15.56,219.9,113,18.69,229.0,99,10.31,12.7,8,3.43,2,False
RI,39,408,no,no,0,93.3,83,15.86,199.6,114,16.97,206.2,104,9.28,6.5,4,1.76,0,False
ME,123,408,no,no,0,114.4,91,19.45,216.6,123,18.41,250.6,102,11.28,11.0,3,2.97,0,False
FL,124,415,no,yes,28,251.4,104,42.74,225.1,89,19.13,251.9,121,11.34,7.5,5,2.03,1,False
NV,92,415,no,yes,44,152.0,95,25.84,274.9,73,23.37,162.4,121,7.31,10.0,1,2.7,2,False
DE,73,415,no,no,0,254.8,85,43.32,143.4,80,12.19,153.9,102,6.93,15.0,7,4.05,2,False
MO,98,415,no,no,0,221.2,80,37.6,213.6,104,18.16,291.8,89,13.13,11.9,3,3.21,4,False
TN,146,408,yes,no,0,160.1,63,27.22,208.4,112,17.71,177.6,98,7.99,9.2,3,2.48,2,False
HI,115,415,no,yes,33,145.0,72,24.65,194.5,157,16.53,242.3,138,10.9,14.2,3,3.83,2,False
WI,120,415,no,yes,29,244.3,140,41.53,322.3,89,27.4,166.8,83,7.51,10.6,6,2.86,0,False
MO,161,510,no,no,0,221.7,95,37.69,193.0,82,16.41,194.1,113,8.73,6.5,4,1.76,3,False
MD,79,415,no,yes,17,236.7,95,40.24,263.5,56,22.4,259.6,107,11.68,12.0,4,3.24,1,False
ID,31,415,no,no,0,177.3,129,30.14,152.8,105,12.99,162.9,92,7.33,5.1,2,1.38,0,False
LA,172,408,no,no,0,212.0,121,36.04,31.2,115,2.65,293.3,78,13.2,12.6,10,3.4,3,False
WA,184,408,no,no,0,151.7,93,25.79,178.5,77,15.17,229.1,111,10.31,13.1,8,3.54,2,False
NE,112,415,no,no,0,167.6,100,28.49,154.5,90,13.13,281.4,107,12.66,17.3,3,4.67,2,False
WI,80,415,no,no,0,239.9,121,40.78,142.3,51,12.1,364.3,106,16.39,9.3,5,2.51,1,False
WY,157,415,yes,no,0,180.4,123,30.67,194.0,98,16.49,227.3,88,10.23,8.4,5,2.27,0,False
TN,130,408,no,no,0,127.0,102,21.59,206.9,107,17.59,231.7,99,10.43,6.1,6,1.65,0,False
OH,124,510,no,no,0,193.0,97,32.81,89.8,99,7.63,172.8,104,7.78,15.3,3,4.13,1,False
LA,93,415,no,no,0,179.3,93,30.48,178.6,98,15.18,225.2,131,10.13,11.5,6,3.11,3,False
OK,118,408,no,yes,23,289.5,52,49.22,166.6,111,14.16,119.1,88,5.36,9.5,4,2.57,1,False
RI,95,510,no,yes,27,129.5,106,22.02,248.9,90,21.16,268.0,115,12.06,11.9,3,3.21,1,False
WY,97,415,no,yes,24,133.2,135,22.64,217.2,58,18.46,70.6,79,3.18,11.0,3,2.97,1,False
IN,122,408,no,no,0,170.5,94,28.99,173.7,109,14.76,248.6,75,11.19,11.3,2,3.05,1,False
MN,55,415,no,no,0,175.6,147,29.85,161.8,118,13.75,289.5,55,13.03,9.3,4,2.51,0,False
WI,107,408,no,no,0,134.0,104,22.78,174.5,94,14.83,311.1,79,14.0,7.3,3,1.97,3,False
ME,100,510,no,yes,30,58.8,104,10.0,219.5,107,18.66,152.3,118,6.85,7.1,3,1.92,0,False
AL,95,415,no,no,0,194.6,114,33.08,232.8,106,19.79,173.4,92,7.8,3.8,2,1.03,3,False
TN,99,408,no,no,0,54.8,92,9.32,173.0,103,14.71,195.1,125,8.78,7.5,3,2.03,1,False
NY,171,415,no,no,0,137.5,110,23.38,198.1,109,16.84,292.7,131,13.17,13.3,5,3.59,2,False
OR,25,408,no,no,0,178.8,90,30.4,141.2,72,12.0,203.0,99,9.14,8.4,5,2.27,2,False
MT,131,415,no,yes,24,135.9,60,23.1,233.2,78,19.82,210.6,121,9.48,9.4,4,2.54,1,False
RI,85,415,yes,no,0,197.2,97,33.52,211.7,115,17.99,210.1,133,9.45,8.3,4,2.24,4,False
MD,189,415,no,yes,30,155.2,116,26.38,195.5,50,16.62,170.1,108,7.65,15.4,6,4.16,1,False
NM,25,415,no,no,0,119.3,87,20.28,211.5,101,17.98,268.9,86,12.1,10.5,4,2.84,3,False
FL,92,415,no,no,0,201.9,74,34.32,226.8,119,19.28,217.5,80,9.79,13.7,6,3.7,3,False
TN,3,415,no,no,0,185.0,120,31.45,203.7,129,17.31,170.5,89,7.67,14.1,3,3.81,3,False
KS,159,415,no,yes,19,184.1,78,31.3,194.5,71,16.53,225.6,101,10.15,16.9,3,4.56,0,False
HI,146,510,no,no,0,189.3,77,32.18,155.9,128,13.25,186.0,83,8.37,7.4,3,2.0,0,False
NE,34,415,no,no,0,193.7,74,32.93,126.9,84,10.79,221.2,166,9.95,8.8,4,2.38,0,False
NE,112,415,yes,yes,16,200.3,72,34.05,197.8,91,16.81,151.1,92,6.8,10.4,3,2.81,1,False
VA,139,510,no,yes,23,157.6,129,26.79,247.0,96,21.0,259.2,112,11.66,13.7,2,3.7,0,False
OR,165,415,no,yes,33,111.6,140,18.97,213.3,111,18.13,267.6,115,12.04,16.0,3,4.32,0,False
MS,107,510,yes,no,0,273.5,104,46.5,183.8,68,15.62,153.8,67,6.92,11.0,9,2.97,2,False
MD,129,415,no,yes,34,204.5,79,34.77,132.8,113,11.29,190.1,117,8.55,14.8,9,4.0,2,False
ME,163,415,no,no,0,122.4,129,20.81,113.4,108,9.64,180.2,97,8.11,12.5,7,3.38,1,False
MD,106,415,no,no,0,165.3,118,28.1,210.0,101,17.85,187.2,93,8.42,8.5,3,2.3,2,False
IN,86,510,no,no,0,216.3,96,36.77,266.3,77,22.64,214.0,110,9.63,4.5,3,1.22,0,False
MT,34,415,no,yes,14,151.5,100,25.76,248.7,126,21.14,199.8,120,8.99,10.7,5,2.89,2,False
NH,123,415,no,yes,22,197.6,105,33.59,80.0,86,6.8,120.8,82,5.44,15.6,12,4.21,2,False
TN,74,415,no,yes,25,234.4,113,39.85,265.9,82,22.6,241.4,77,10.86,13.7,4,3.7,0,False
WI,116,415,no,yes,35,200.4,104,34.07,272.8,89,23.19,214.5,100,9.65,8.3,4,2.24,1,False
TX,97,415,yes,no,0,143.7,117,24.43,273.0,82,23.21,178.3,81,8.02,10.9,3,2.94,0,False
CA,77,510,no,no,0,175.5,86,29.84,205.1,78,17.43,245.2,100,11.03,17.8,3,4.81,4,False
VT,48,415,no,no,0,197.7,64,33.61,136.7,126,11.62,244.4,81,11.0,13.2,5,3.56,4,False
AR,138,510,no,no,0,146.5,101,24.91,284.5,142,24.18,176.0,98,7.92,14.0,6,3.78,3,False
DC,63,408,no,no,0,83.0,64,14.11,177.0,106,15.05,245.7,89,11.06,13.0,3,3.51,0,False
FL,97,415,no,yes,28,202.3,97,34.39,69.2,84,5.88,257.6,64,11.59,6.7,3,1.81,1,False
ID,67,510,no,yes,30,186.2,117,31.65,286.7,76,24.37,164.3,113,7.39,12.9,3,3.48,2,False
MD,165,415,no,yes,39,167.4,113,28.46,172.7,94,14.68,192.6,113,8.67,9.5,4,2.57,3,False
LA,53,415,no,no,0,145.1,116,24.67,233.7,82,19.86,208.7,95,9.39,7.9,5,2.13,2,False
SC,88,408,no,no,0,153.5,94,26.1,251.7,118,21.39,182.2,99,8.2,8.5,6,2.3,1,False
MO,132,408,no,no,0,206.2,100,35.05,211.2,118,17.95,196.2,122,8.83,10.2,6,2.75,1,False
VA,72,510,yes,yes,29,139.8,114,23.77,138.2,91,11.75,221.0,88,9.95,5.5,6,1.49,0,False
MS,77,408,no,no,0,230.0,87,39.1,103.2,138,8.77,309.6,136,13.93,11.3,3,3.05,2,False
NE,94,415,no,no,0,252.6,104,42.94,169.0,125,14.37,170.9,106,7.69,11.1,7,3.0,2,False
OK,125,415,no,yes,36,201.3,117,34.22,42.2,78,3.59,125.7,104,5.66,5.4,3,1.46,1,False
ID,128,408,no,no,0,125.2,99,21.28,205.4,107,17.46,254.4,111,11.45,18.9,2,5.1,0,False
VA,16,510,no,no,0,205.6,69,34.95,169.5,93,14.41,220.1,64,9.9,10.9,3,2.94,0,False
WV,113,510,no,no,0,72.5,88,12.33,204.0,112,17.34,117.9,118,5.31,6.6,3,1.78,1,False
NH,101,510,no,no,0,220.3,124,37.45,188.6,101,16.03,278.4,98,12.53,10.6,4,2.86,1,False
NE,123,510,no,no,0,194.0,118,32.98,242.0,114,20.57,146.3,108,6.58,12.1,4,3.27,1,False
ND,105,415,no,yes,23,193.5,85,32.9,220.2,90,18.72,272.4,111,12.26,8.5,5,2.3,0,False
MT,132,408,no,no,0,195.1,100,33.17,148.8,95,12.65,224.5,117,10.1,6.7,2,1.81,0,False
OH,123,408,no,no,0,105.0,150,17.85,251.6,90,21.39,258.0,93,11.61,14.9,5,4.02,0,False
CO,192,415,no,no,0,221.6,101,37.67,285.2,50,24.24,167.4,83,7.53,12.7,6,3.43,4,False
FL,85,408,yes,no,0,116.2,86,19.75,229.7,127,19.52,204.2,109,9.19,10.1,3,2.73,3,False
CT,124,415,no,no,0,151.0,98,25.67,120.6,119,10.25,152.8,81,6.88,9.2,2,2.48,2,False
WI,96,510,no,yes,18,172.7,86,29.36,133.4,113,11.34,259.5,70,11.68,9.8,3,2.65,1,False
UT,104,408,no,no,0,263.4,101,44.78,235.5,117,20.02,102.0,146,4.59,13.0,4,3.51,0,False
VT,116,415,no,no,0,129.4,84,22.0,157.3,89,13.37,215.5,77,9.7,13.3,3,3.59,0,False
HI,134,408,no,no,0,242.4,126,41.21,152.9,115,13.0,318.3,115,14.32,11.8,6,3.19,1,False
CT,66,415,no,yes,29,229.4,104,39.0,257.4,84,21.88,231.5,119,10.42,8.0,1,2.16,2,False
UT,111,510,no,no,0,191.3,80,32.52,138.5,94,11.77,246.0,107,11.07,6.4,3,1.73,2,False
CT,199,415,no,yes,34,230.6,121,39.2,219.4,99,18.65,299.3,94,13.47,8.0,2,2.16,0,False
CA,185,408,no,no,0,139.6,92,23.73,250.2,115,21.27,158.1,79,7.11,10.8,4,2.92,1,False
MS,38,415,no,no,0,117.3,114,19.94,208.7,105,17.74,203.4,98,9.15,14.4,2,3.89,2,False
WV,87,415,no,no,0,124.3,91,21.13,173.4,105,14.74,256.3,109,11.53,7.5,5,2.03,3,False
KY,80,408,no,no,0,209.9,74,35.68,195.1,77,16.58,208.2,119,9.37,8.8,4,2.38,2,False
VT,193,408,no,yes,17,124.0,102,21.08,202.9,81,17.25,205.1,129,9.23,12.3,3,3.32,1,False
MD,166,415,no,no,0,136.1,116,23.14,181.4,93,15.42,131.4,108,5.91,11.3,4,3.05,0,False
VA,89,415,no,yes,32,209.9,113,35.68,249.8,104,21.23,224.2,92,10.09,8.7,7,2.35,1,False
SC,99,510,no,no,0,169.2,70,28.76,271.5,77,23.08,170.2,104,7.66,10.6,2,2.86,0,False
SD,183,415,no,yes,31,171.2,104,29.1,193.6,74,16.46,196.5,85,8.84,10.2,4,2.75,1,False
IN,88,415,no,no,0,183.5,93,31.2,170.5,80,14.49,193.8,88,8.72,8.3,5,2.24,3,False
MO,131,408,no,no,0,109.5,95,18.62,332.1,48,28.23,258.6,108,11.64,6.6,7,1.78,1,False
AL,95,408,no,no,0,190.2,119,32.33,157.1,70,13.35,181.5,120,8.17,14.0,6,3.78,0,False
MO,6,510,no,no,0,183.6,117,31.21,256.7,72,21.82,178.6,79,8.04,10.2,2,2.75,1,False
ND,132,415,no,yes,31,174.5,101,29.67,245.6,105,20.88,172.8,76,7.78,10.3,9,2.78,1,False
FL,119,415,no,no,0,109.2,96,18.56,153.1,80,13.01,240.0,102,10.8,9.8,5,2.65,2,False
ND,146,408,no,yes,19,176.6,88,30.02,162.7,66,13.83,215.5,98,9.7,14.6,6,3.94,1,False
MA,129,510,yes,no,0,192.9,131,32.79,185.5,101,15.77,205.2,130,9.23,10.9,4,2.94,1,False
ME,41,415,no,yes,30,191.7,109,32.59,193.0,86,16.41,149.4,93,6.72,11.1,4,3.0,1,False
UT,91,415,no,yes,34,175.3,96,29.8,262.3,122,22.3,143.9,76,6.48,5.6,11,1.51,1,False
MI,82,415,no,no,0,135.4,102,23.02,237.1,122,20.15,118.3,91,5.32,17.5,4,4.73,0,False
KY,108,408,no,no,0,73.8,105,12.55,143.4,114,12.19,170.2,98,7.66,10.9,3,2.94,2,False
NV,78,408,no,no,0,75.0,116,12.75,248.7,87,21.14,176.0,83,7.92,9.5,6,2.57,3,False
NC,55,408,yes,no,0,221.0,115,37.57,165.4,97,14.06,235.4,117,10.59,9.7,4,2.62,1,False
NH,133,408,no,no,0,162.1,91,27.56,212.1,94,18.03,260.4,78,11.72,12.2,5,3.29,1,False
NM,55,510,no,no,0,286.7,100,48.74,134.4,121,11.42,192.9,122,8.68,6.9,5,1.86,2,False
NC,45,408,no,yes,38,196.8,92,33.46,254.2,108,21.61,261.8,85,11.78,7.7,2,2.08,1,False
HI,149,510,no,no,0,166.6,61,28.32,218.8,107,18.6,208.3,131,9.37,8.2,6,2.21,7,False
OR,157,510,no,yes,30,194.3,107,33.03,243.2,108,20.67,322.2,114,14.5,7.1,5,1.92,1,False
NJ,138,510,no,no,0,220.2,89,37.43,88.3,125,7.51,195.3,79,8.79,12.9,5,3.48,0,False
FL,31,510,no,no,0,165.4,84,28.12,203.7,107,17.31,201.7,65,9.08,8.2,1,2.21,1,False
UT,93,415,no,no,0,164.9,68,28.03,210.4,86,17.88,229.4,104,10.32,7.8,4,2.11,2,False
IN,96,415,no,yes,45,248.8,124,42.3,140.3,77,11.93,263.6,102,11.86,10.3,2,2.78,3,False
OH,75,510,no,yes,27,117.5,102,19.98,206.8,127,17.58,194.4,114,8.75,4.2,7,1.13,3,False
OK,86,415,no,yes,33,253.1,112,43.03,210.1,94,17.86,95.0,98,4.27,11.9,4,3.21,3,False
FL,116,408,no,no,0,146.4,123,24.89,176.6,113,15.01,212.6,102,9.57,7.8,5,2.11,1,False
SD,108,415,no,no,0,240.2,78,40.83,230.3,109,19.58,217.0,83,9.76,5.2,1,1.4,2,False
WV,30,510,no,no,0,162.3,96,27.59,244.0,122,20.74,180.1,89,8.1,9.1,4,2.46,2,False
FL,90,415,no,yes,24,71.2,82,12.1,181.6,103,15.44,186.9,111,8.41,12.9,1,3.48,1,False
GA,27,510,no,no,0,72.7,75,12.36,208.6,117,17.73,65.8,71,2.96,9.9,3,2.67,1,False
NE,131,408,no,yes,36,214.2,115,36.41,161.7,117,13.74,264.7,102,11.91,9.5,4,2.57,3,False
WY,104,408,no,no,0,183.6,133,31.21,120.7,98,10.26,215.1,112,9.68,12.7,2,3.43,1,False
NJ,122,415,no,yes,34,146.4,104,24.89,89.7,103,7.62,220.0,91,9.9,15.6,4,4.21,2,False
ME,116,510,no,no,0,229.3,93,38.98,184.5,111,15.68,168.2,91,7.57,8.8,3,2.38,2,False
CO,118,415,no,yes,36,294.9,106,50.13,165.7,115,14.08,189.2,63,8.51,9.8,5,2.65,3,False
OH,84,408,no,no,0,159.5,125,27.12,247.1,90,21.0,187.9,82,8.46,7.2,4,1.94,2,False
AZ,102,408,no,no,0,158.0,94,26.86,207.9,100,17.67,190.4,120,8.57,10.1,10,2.73,0,False
MI,53,415,no,no,0,57.5,95,9.78,265.5,131,22.57,244.3,128,10.99,11.6,6,3.13,3,False
ND,136,510,yes,no,0,256.8,90,43.66,230.1,104,19.56,143.6,82,6.46,9.1,10,2.46,3,False
WV,68,415,no,no,0,231.1,57,39.29,153.4,55,13.04,191.3,123,8.61,9.6,4,2.59,3,False
UT,105,415,no,yes,40,236.5,111,40.21,117.0,110,9.95,221.1,115,9.95,8.1,3,2.19,2,False
NJ,107,415,no,no,0,212.1,95,36.06,150.1,88,12.76,219.8,111,9.89,7.7,2,2.08,3,False
WI,84,510,no,yes,12,89.7,87,15.25,138.6,73,11.78,165.8,114,7.46,10.7,2,2.89,1,False
AK,141,408,no,no,0,83.2,74,14.14,190.6,104,16.2,150.5,79,6.77,10.7,7,2.89,1,False
ME,97,510,no,no,0,211.0,76,35.87,189.0,100,16.07,123.0,102,5.54,4.7,4,1.27,3,False
IA,126,408,no,yes,27,186.2,78,31.65,189.6,83,16.12,76.5,139,3.44,9.6,3,2.59,2,False
SD,64,415,no,no,0,174.5,98,29.67,180.2,103,15.32,179.0,89,8.06,10.7,2,2.89,2,False
MI,59,415,no,no,0,204.3,65,34.73,247.3,123,21.02,214.7,94,9.66,12.0,4,3.24,1,False
MT,66,510,no,no,0,201.3,95,34.22,152.8,66,12.99,233.2,101,10.49,7.5,4,2.03,1,False
MN,81,415,no,no,0,198.4,93,33.73,210.9,108,17.93,193.3,71,8.7,10.4,6,2.81,2,False
MT,63,415,no,yes,33,184.2,111,31.31,312.6,89,26.57,264.0,55,11.88,12.2,4,3.29,1,False
WY,90,408,no,yes,39,94.8,89,16.12,219.1,91,18.62,197.4,65,8.88,11.4,5,3.08,1,False
MO,72,415,no,no,0,165.9,114,28.2,235.9,97,20.05,210.1,120,9.45,12.0,5,3.24,2,False
MO,36,415,no,no,0,202.4,115,34.41,230.7,115,19.61,202.0,127,9.09,10.2,2,2.75,3,False
WY,177,415,no,no,0,175.7,120,29.87,168.6,90,14.33,198.9,110,8.95,14.6,4,3.94,1,False
LA,82,415,no,no,0,197.7,101,33.61,127.6,83,10.85,142.1,103,6.39,13.5,3,3.65,1,False
MD,123,408,no,no,0,206.9,115,35.17,224.4,86,19.07,197.4,60,8.88,8.3,2,2.24,3,False
DE,125,408,no,no,0,126.7,108,21.54,206.0,90,17.51,247.8,114,11.15,13.3,7,3.59,1,False
MD,54,415,no,no,0,273.8,113,46.55,119.6,156,10.17,267.6,117,12.04,11.7,3,3.16,1,False
WY,78,408,no,no,0,220.0,95,37.4,179.9,121,15.29,188.2,109,8.47,11.5,5,3.11,0,False
MI,52,415,no,no,0,204.4,97,34.75,273.2,128,23.22,179.6,118,8.08,11.0,5,2.97,1,False
VA,75,415,no,no,0,224.7,116,38.2,192.0,79,16.32,212.2,98,9.55,11.3,11,3.05,3,False
IN,161,510,no,yes,38,240.4,112,40.87,201.8,102,17.15,206.1,112,9.27,16.1,6,4.35,0,False
CT,102,415,no,yes,25,137.4,100,23.36,176.7,83,15.02,188.2,93,8.47,10.2,6,2.75,2,False
DE,121,408,no,no,0,215.6,74,36.65,192.9,98,16.4,144.0,103,6.48,10.1,4,2.73,5,False
ME,28,415,no,no,0,236.8,102,40.26,167.1,87,14.2,280.2,115,12.61,9.7,3,2.62,3,False
CT,106,510,no,yes,33,81.6,120,13.87,235.6,85,20.03,150.9,113,6.79,9.9,4,2.67,1,False
RI,176,415,no,no,0,250.9,108,42.65,171.4,100,14.57,148.6,85,6.69,9.6,6,2.59,2,False
MS,193,415,no,no,0,170.9,124,29.05,132.3,95,11.25,112.9,89,5.08,11.6,3,3.13,1,False
MD,139,415,no,no,0,181.6,119,30.87,335.7,118,28.53,149.8,64,6.74,8.3,6,2.24,4,False
SC,93,415,no,no,0,190.2,68,32.33,262.2,64,22.29,130.0,92,5.85,8.8,4,2.38,0,False
WY,116,510,no,yes,12,221.0,108,37.57,151.0,118,12.84,179.0,80,8.06,9.0,6,2.43,2,False
MN,116,408,no,no,0,197.9,84,33.64,168.1,113,14.29,239.8,145,10.79,12.0,6,3.24,1,False
LA,133,415,no,no,0,216.2,67,36.75,222.2,133,18.89,192.0,95,8.64,3.1,1,0.84,2,False
ND,101,415,no,yes,28,105.9,132,18.0,231.7,107,19.69,281.3,120,12.66,10.7,5,2.89,1,False
NV,121,408,no,yes,44,116.0,85,19.72,150.1,120,12.76,246.8,98,11.11,12.0,2,3.24,1,False
AL,19,415,yes,no,0,237.7,98,40.41,207.1,121,17.6,182.2,95,8.2,4.5,4,1.22,0,False
NC,149,510,no,no,0,207.3,115,35.24,198.4,82,16.86,114.1,83,5.13,8.6,4,2.32,1,False
WI,165,408,no,no,0,156.0,88,26.52,276.1,81,23.47,175.9,94,7.92,9.3,5,2.51,1,False
MN,24,510,no,yes,25,164.9,110,28.03,209.3,105,17.79,231.2,55,10.4,6.7,9,1.81,1,False
WV,114,510,no,yes,30,206.2,79,35.05,260.0,91,22.1,291.6,83,13.12,11.4,6,3.08,1,False
AL,69,415,no,no,0,183.4,85,31.18,237.6,100,20.2,228.0,94,10.26,9.0,5,2.43,3,False
MI,137,510,no,no,0,206.4,122,35.09,128.0,102,10.88,194.5,84,8.75,8.8,5,2.38,2,False
NJ,78,415,no,no,0,231.0,115,39.27,230.4,140,19.58,261.4,120,11.76,9.5,3,2.57,1,False
OK,125,408,no,no,0,229.3,103,38.98,177.4,126,15.08,189.3,95,8.52,12.0,8,3.24,1,False
NE,56,510,no,no,0,121.6,84,20.67,165.3,115,14.05,243.9,95,10.98,8.9,2,2.4,1,False
NJ,92,510,no,yes,29,155.4,110,26.42,188.5,104,16.02,254.9,118,11.47,8.0,4,2.16,3,False
NM,103,415,no,no,0,173.5,83,29.5,244.3,65,20.77,221.6,66,9.97,9.7,2,2.62,3,False
PA,140,408,no,no,0,112.8,89,19.18,156.7,65,13.32,249.6,85,11.23,16.3,6,4.4,0,False
NM,55,510,no,no,0,119.7,148,20.35,231.8,96,19.7,222.3,113,10.0,4.6,2,1.24,2,False
OH,69,415,no,no,0,227.0,122,38.59,258.7,111,21.99,169.7,87,7.64,8.9,1,2.4,2,False
NH,84,408,no,yes,30,106.5,65,18.11,225.7,108,19.18,188.6,61,8.49,5.7,3,1.54,2,False
WV,23,510,no,yes,31,156.6,84,26.62,161.5,96,13.73,294.6,107,13.26,9.4,6,2.54,1,False
AL,109,408,no,no,0,218.9,105,37.21,299.9,87,25.49,158.6,110,7.14,11.3,4,3.05,2,False
WY,111,415,no,no,0,222.2,96,37.77,162.5,111,13.81,184.9,120,8.32,11.9,7,3.21,4,False
WV,191,408,no,no,0,162.0,104,27.54,241.2,120,20.5,210.4,83,9.47,10.9,7,2.94,1,False
UT,190,415,no,yes,22,166.5,93,28.31,183.0,92,15.56,121.0,102,5.44,8.5,3,2.3,0,False
AK,130,415,no,no,0,242.5,101,41.23,102.8,114,8.74,142.4,89,6.41,9.3,2,2.51,2,False
AL,90,415,no,no,0,214.9,97,36.53,117.8,117,10.01,133.7,78,6.02,11.8,2,3.19,2,False
WY,54,408,no,yes,39,143.9,73,24.46,210.3,117,17.88,129.2,117,5.81,12.5,8,3.38,2,False
CT,67,415,no,no,0,115.5,70,19.64,252.2,143,21.44,208.9,91,9.4,7.5,6,2.03,0,False
TX,53,415,no,no,0,119.7,113,20.35,189.7,84,16.12,256.2,108,11.53,12.9,7,3.48,2,False
MN,139,510,no,yes,25,96.2,112,16.35,178.9,70,15.21,182.1,84,8.19,12.9,10,3.48,2,False
WY,124,415,no,no,0,178.3,102,30.31,235.0,120,19.98,239.7,119,10.79,10.9,1,2.94,3,False
OH,29,415,yes,yes,37,235.0,101,39.95,183.3,79,15.58,139.8,106,6.29,5.7,7,1.54,2,False
WV,85,408,no,no,0,225.0,81,38.25,176.9,63,15.04,194.3,110,8.74,7.1,2,1.92,3,False
AR,96,415,no,yes,21,247.6,95,42.09,256.3,150,21.79,158.6,72,7.14,10.8,6,2.92,2,False
AR,77,415,no,yes,23,209.7,73,35.65,183.6,63,15.61,205.5,111,9.25,7.1,3,1.92,2,False
VT,195,415,no,yes,36,231.7,110,39.39,225.1,88,19.13,201.7,89,9.08,12.1,2,3.27,0,False
IN,76,415,no,no,0,204.2,100,34.71,292.6,139,24.87,244.3,105,10.99,10.5,2,2.84,0,False
MO,120,415,no,yes,24,212.7,73,36.16,257.5,103,21.89,227.8,119,10.25,9.7,13,2.62,2,False
OH,39,415,no,yes,36,141.7,121,24.09,232.3,113,19.75,222.1,131,9.99,12.0,5,3.24,1,False
FL,129,415,yes,no,0,267.4,78,45.46,204.2,85,17.36,111.7,146,5.03,5.9,4,1.59,1,False
MD,83,510,no,no,0,78.1,70,13.28,239.3,115,20.34,144.4,112,6.5,12.3,4,3.32,1,False
DC,41,408,no,yes,37,239.8,110,40.77,221.9,115,18.86,189.1,100,8.51,7.3,1,1.97,2,False
IL,16,415,yes,no,0,110.0,91,18.7,147.3,75,12.52,190.5,73,8.57,6.4,7,1.73,0,False
NY,41,415,no,no,0,209.9,105,35.68,121.9,105,10.36,253.7,104,11.42,9.6,4,2.59,1,False
NE,80,415,no,no,0,127.8,67,21.73,181.6,112,15.44,197.3,63,8.88,15.9,2,4.29,2,False
UT,116,415,no,yes,24,232.9,90,39.59,152.1,94,12.93,344.3,82,15.49,10.7,6,2.89,1,False
NJ,106,415,no,no,0,207.9,91,35.34,172.0,109,14.62,191.8,143,8.63,14.4,7,3.89,4,False
NY,150,415,no,yes,35,139.6,72,23.73,332.8,170,28.29,213.8,105,9.62,8.8,2,2.38,2,False
LA,40,510,no,no,0,109.4,107,18.6,244.7,102,20.8,276.9,123,12.46,7.1,7,1.92,0,False
OH,160,415,no,no,0,206.3,66,35.07,241.1,109,20.49,227.8,102,10.25,11.7,6,3.16,0,False
NV,143,415,no,no,0,209.1,127,35.55,106.1,80,9.02,179.6,90,8.08,14.0,6,3.78,0,False
CT,70,408,no,no,0,198.6,111,33.76,213.9,115,18.18,171.2,105,7.7,10.6,6,2.86,2,False
TX,47,408,no,yes,28,112.2,70,19.07,154.8,106,13.16,166.7,105,7.5,10.6,2,2.86,0,False
NM,182,415,no,no,0,69.1,114,11.75,230.3,109,19.58,256.7,96,11.55,6.5,4,1.76,0,False
VT,109,408,no,no,0,222.2,113,37.77,218.5,122,18.57,266.0,88,11.97,10.9,5,2.94,1,False
DC,108,408,no,yes,35,215.9,106,36.7,200.6,107,17.05,195.4,107,8.79,15.5,7,4.19,0,False
KS,124,510,no,yes,37,161.2,109,27.4,204.2,79,17.36,231.5,87,10.42,8.9,4,2.4,1,False
CO,125,408,no,yes,23,120.5,104,20.49,227.8,115,19.36,158.5,100,7.13,10.2,3,2.75,1,False
IA,98,415,no,no,0,216.8,86,36.86,190.8,114,16.22,187.5,79,8.44,11.0,9,2.97,0,False
WA,166,408,no,no,0,274.3,110,46.63,52.9,109,4.5,246.1,119,11.07,10.9,5,2.94,0,False
TN,196,415,no,no,0,133.1,80,22.63,206.5,120,17.55,221.6,96,9.97,10.3,8,2.78,1,False
SD,75,408,no,no,0,147.5,110,25.08,191.7,97,16.29,135.0,68,6.08,16.4,3,4.43,2,False
HI,101,415,no,no,0,253.2,89,43.04,237.9,114,20.22,154.3,85,6.94,9.7,7,2.62,4,False
NE,66,415,no,no,0,34.0,133,5.78,278.6,61,23.68,129.6,120,5.83,11.5,3,3.11,0,False
AK,103,510,no,no,0,190.9,62,32.45,226.6,53,19.26,230.1,96,10.35,7.8,3,2.11,2,False
AZ,107,415,no,yes,32,134.2,101,22.81,211.9,145,18.01,167.6,138,7.54,8.2,5,2.21,1,False
UT,74,415,no,no,0,106.4,84,18.09,140.2,104,11.92,90.9,81,4.09,11.4,3,3.08,1,False
TX,32,408,no,no,0,157.9,88,26.84,180.8,132,15.37,132.5,102,5.96,12.8,3,3.46,1,False
ND,131,408,no,yes,33,177.1,100,30.11,194.0,85,16.49,253.4,124,11.4,5.2,5,1.4,1,False
UT,118,415,no,yes,24,118.1,83,20.08,109.6,72,9.32,245.5,73,11.05,16.9,2,4.56,1,False
NC,122,415,no,no,0,215.6,86,36.65,167.8,59,14.26,207.0,67,9.32,6.4,8,1.73,3,False
OH,74,415,no,no,0,136.7,106,23.24,228.6,105,19.43,265.3,114,11.94,9.8,4,2.65,0,False
MA,87,408,no,no,0,186.9,79,31.77,182.6,105,15.52,143.1,90,6.44,4.2,14,1.13,1,False
OR,76,415,no,no,0,169.5,77,28.82,124.0,87,10.54,219.4,92,9.87,10.0,3,2.7,0,False
IN,104,408,no,no,0,280.4,127,47.67,179.4,79,15.25,150.6,77,6.78,15.2,6,4.1,5,False
DC,74,415,no,no,0,85.7,83,14.57,247.7,67,21.05,142.4,85,6.41,10.1,5,2.73,2,False
KY,57,415,no,yes,29,279.9,121,47.58,223.1,109,18.96,251.7,94,11.33,13.0,2,3.51,1,False
KY,105,415,no,yes,24,274.7,99,46.7,193.5,118,16.45,299.6,109,13.48,10.8,3,2.92,3,False
NY,122,415,no,no,0,141.4,128,24.04,146.4,70,12.44,123.0,75,5.54,8.1,4,2.19,0,False
MN,59,408,no,yes,32,211.9,120,36.02,202.9,136,17.25,213.5,95,9.61,8.8,5,2.38,1,False
CT,116,415,no,no,0,245.9,73,41.8,240.1,87,20.41,158.7,89,7.14,8.9,5,2.4,3,False
NE,70,415,no,no,0,213.4,86,36.28,204.7,77,17.4,256.6,101,11.55,5.7,4,1.54,1,False
NV,105,415,yes,no,0,228.4,100,38.83,145.1,108,12.33,245.3,140,11.04,7.7,7,2.08,0,False
WY,120,415,no,yes,24,227.5,81,38.68,234.9,71,19.97,166.4,128,7.49,9.0,13,2.43,1,False
UT,148,510,no,no,0,203.0,92,34.51,150.9,125,12.83,245.5,131,11.05,14.6,9,3.94,1,False
AR,94,408,no,no,0,136.2,114,23.15,165.1,118,14.03,137.9,71,6.21,9.6,5,2.59,0,False
DC,100,510,yes,no,0,68.5,110,11.65,337.1,115,28.65,205.2,99,9.23,12.1,9,3.27,0,False
NE,194,408,no,no,0,48.4,101,8.23,281.1,138,23.89,218.5,87,9.83,18.2,1,4.91,1,False
ID,119,415,no,no,0,230.4,117,39.17,225.0,101,19.13,198.5,111,8.93,7.6,6,2.05,3,False
CO,139,415,no,no,0,138.1,103,23.48,164.5,100,13.98,134.9,63,6.07,8.3,2,2.24,1,False
FL,99,408,no,no,0,155.3,93,26.4,265.7,95,22.58,145.7,67,6.56,12.4,4,3.35,0,False
MO,15,415,no,no,0,135.2,101,22.98,152.5,79,12.96,224.8,83,10.12,8.4,5,2.27,2,False
MI,48,415,no,no,0,240.0,88,40.8,141.0,117,11.99,128.9,137,5.8,7.1,9,1.92,1,False
UT,37,510,no,no,0,271.7,112,46.19,155.1,96,13.18,199.5,97,8.98,6.6,4,1.78,3,False
ME,99,415,no,no,0,222.4,102,37.81,185.8,89,15.79,237.7,81,10.7,12.0,8,3.24,2,False
ID,55,510,no,yes,8,222.5,104,37.83,171.5,94,14.58,377.5,114,16.99,9.7,2,2.62,1,False
NM,158,408,no,no,0,172.4,114,29.31,256.6,69,21.81,235.3,104,10.59,0.0,0,0.0,2,False
GA,112,415,no,yes,22,181.8,110,30.91,228.1,123,19.39,262.7,141,11.82,9.2,4,2.48,2,False
CT,73,415,no,yes,47,173.7,117,29.53,204.0,114,17.34,174.6,94,7.86,6.3,3,1.7,2,False
NC,111,408,no,no,0,224.9,117,38.23,191.9,127,16.31,229.9,97,10.35,10.3,3,2.78,0,False
AL,85,408,no,yes,30,173.1,107,29.43,247.2,101,21.01,158.7,104,7.14,11.5,5,3.11,1,False
VA,44,408,no,no,0,204.6,117,34.78,205.2,94,17.44,164.6,84,7.41,10.7,5,2.89,0,False
WV,62,408,no,no,0,128.7,111,21.88,169.5,104,14.41,193.6,97,8.71,10.3,5,2.78,1,False
ND,68,408,no,yes,22,82.5,97,14.03,289.9,94,24.64,180.0,114,8.1,4.8,4,1.3,3,False
WV,154,408,no,yes,35,64.9,76,11.03,184.1,91,15.65,151.6,75,6.82,14.6,1,3.94,1,False
DE,115,415,no,no,0,195.9,111,33.3,227.0,108,19.3,313.2,113,14.09,13.2,1,3.56,2,False
MI,110,510,no,no,0,18.9,92,3.21,258.4,81,21.96,109.6,74,4.93,14.8,4,4.0,1,False
PA,176,415,no,no,0,169.5,151,28.82,112.9,84,9.6,56.6,99,2.55,8.7,4,2.35,0,False
WY,41,510,no,no,0,223.8,67,38.05,244.8,74,20.81,223.8,156,10.07,12.3,5,3.32,3,False
SD,65,408,no,yes,31,282.3,70,47.99,152.0,89,12.92,225.5,93,10.15,12.0,4,3.24,1,False
OK,149,510,yes,no,0,180.9,79,30.75,194.9,83,16.57,197.8,109,8.9,8.8,9,2.38,3,False
TN,59,415,no,no,0,160.9,95,27.35,251.2,65,21.35,273.4,97,12.3,5.0,5,1.35,3,False
IN,88,415,yes,yes,25,288.5,114,49.05,203.4,74,17.29,228.4,117,10.28,13.0,5,3.51,1,False
RI,134,415,no,no,0,141.7,95,24.09,205.6,101,17.48,218.5,60,9.83,8.8,6,2.38,0,False
AK,156,510,no,no,0,123.7,96,21.03,103.0,80,8.76,189.4,82,8.52,13.1,4,3.54,1,False
NM,80,510,no,no,0,206.3,97,35.07,154.9,98,13.17,263.6,82,11.86,12.4,12,3.35,0,False
IL,67,415,no,no,0,109.1,117,18.55,217.4,124,18.48,188.4,141,8.48,12.8,6,3.46,0,False
OK,117,415,no,no,0,134.7,121,22.9,180.0,83,15.3,200.9,104,9.04,7.7,3,2.08,1,False
NY,89,415,no,no,0,89.5,66,15.22,179.3,104,15.24,225.1,116,10.13,12.3,1,3.32,3,False
NE,90,415,no,no,0,145.5,92,24.74,217.7,114,18.5,146.9,123,6.61,10.9,2,2.94,3,False
RI,65,415,no,yes,29,215.5,129,36.64,161.9,77,13.76,128.3,91,5.77,8.8,5,2.38,2,False
AZ,93,415,no,no,0,271.6,71,46.17,229.4,108,19.5,77.3,121,3.48,10.9,3,2.94,2,False
MS,120,415,no,no,0,131.7,99,22.39,163.1,109,13.86,201.1,116,9.05,10.7,3,2.89,1,False
KS,137,408,no,no,0,205.9,88,35.0,209.3,86,17.79,289.9,84,13.05,14.5,4,3.92,2,False
SD,125,510,no,yes,34,268.4,112,45.63,222.2,108,18.89,117.6,102,5.29,10.3,3,2.78,0,False
AZ,192,415,no,yes,36,156.2,77,26.55,215.5,126,18.32,279.1,83,12.56,9.9,6,2.67,2,False
WY,53,415,no,yes,27,25.9,119,4.4,206.5,96,17.55,228.1,64,10.26,6.5,7,1.76,1,False
NE,82,408,no,no,0,185.8,36,31.59,276.5,134,23.5,192.1,104,8.64,5.7,7,1.54,4,False
IN,72,510,no,no,0,287.4,116,48.86,235.3,126,20.0,292.1,114,13.14,5.0,3,1.35,4,True
WA,84,415,no,no,0,289.1,100,49.15,233.8,97,19.87,223.5,148,10.06,12.7,2,3.43,2,True
MS,73,415,no,yes,31,82.3,105,13.99,256.1,91,21.77,229.6,98,10.33,11.8,2,3.19,6,True
WV,88,510,no,no,0,131.5,99,22.36,174.8,128,14.86,184.2,83,8.29,7.9,2,2.13,5,True
KS,47,510,yes,no,0,47.8,120,8.13,178.9,123,15.21,152.6,96,6.87,13.3,7,3.59,0,True
NM,119,415,yes,yes,15,160.0,95,27.2,209.5,110,17.81,82.3,107,3.7,8.7,5,2.35,5,True
MN,125,415,yes,yes,29,260.8,81,44.34,163.7,112,13.91,271.7,117,12.23,17.0,6,4.59,1,True
OK,44,408,no,no,0,288.8,86,49.1,175.9,87,14.95,215.4,106,9.69,9.5,2,2.57,0,True
CA,84,415,no,no,0,280.0,113,47.6,202.2,90,17.19,156.8,103,7.06,10.4,4,2.81,0,True
NY,181,415,yes,no,0,161.3,83,27.42,124.4,83,10.57,262.0,98,11.79,14.1,3,3.81,0,True
DC,82,415,no,no,0,300.3,109,51.05,181.0,100,15.39,270.1,73,12.15,11.7,4,3.16,0,True
VT,73,415,no,no,0,217.8,91,37.03,220.6,97,18.75,277.3,89,12.48,10.3,6,2.78,1,True
MI,119,510,yes,yes,22,172.1,119,29.26,223.6,133,19.01,150.0,94,6.75,13.9,20,3.75,1,True
NJ,53,408,no,no,0,228.6,117,38.86,132.8,123,11.29,227.2,124,10.22,10.1,2,2.73,9,True
NV,76,510,yes,no,0,241.0,120,40.97,231.8,96,19.7,220.2,67,9.91,9.9,1,2.67,1,True
KY,98,415,no,yes,36,168.0,81,28.56,163.2,125,13.87,172.7,120,7.77,8.0,2,2.16,6,True
MA,62,415,yes,no,0,159.7,86,27.15,197.5,76,16.79,121.6,105,5.47,13.9,6,3.75,0,True
NV,137,415,yes,no,0,135.1,95,22.97,134.1,102,11.4,223.1,81,10.04,12.3,2,3.32,2,True
SC,77,510,no,yes,28,135.9,117,23.1,244.5,102,20.78,207.5,74,9.34,11.5,3,3.11,4,True
MO,79,408,no,no,0,261.7,97,44.49,210.6,48,17.9,256.7,83,11.55,6.0,3,1.62,3,True
TX,119,510,no,no,0,81.9,75,13.92,253.8,114,21.57,213.1,125,9.59,8.9,1,2.4,2,True
KS,170,415,no,yes,42,199.5,119,33.92,135.0,90,11.48,184.6,49,8.31,10.9,3,2.94,4,True
NH,74,408,no,no,0,298.1,112,50.68,201.3,100,17.11,214.7,88,9.66,9.7,4,2.62,2,True
MS,111,408,no,no,0,294.7,90,50.1,294.6,72,25.04,260.1,121,11.7,10.8,3,2.92,1,True
KS,92,408,yes,no,0,62.6,111,10.64,180.6,126,15.35,221.7,80,9.98,10.4,2,2.81,1,True
MN,62,510,no,yes,33,186.4,84,31.69,201.0,136,17.09,286.7,103,12.9,11.1,3,3.0,2,True
MD,133,510,no,no,0,295.0,141,50.15,223.6,101,19.01,229.4,109,10.32,12.9,4,3.48,2,True
AR,113,415,yes,no,0,122.2,112,20.77,131.7,94,11.19,169.5,106,7.63,10.3,9,2.78,5,True
GA,44,510,no,no,0,288.1,112,48.98,258.0,92,21.93,192.4,90,8.66,10.2,4,2.75,3,True
MS,118,415,no,yes,26,170.8,114,29.04,199.5,125,16.96,169.7,98,7.64,9.6,5,2.59,5,True
MN,152,415,yes,yes,20,237.5,120,40.38,253.4,94,21.54,265.2,80,11.93,14.2,3,3.83,9,True
ID,103,415,no,no,0,174.7,151,29.7,148.0,56,12.58,168.2,109,7.57,15.8,3,4.27,6,True
TX,169,408,no,no,0,266.7,105,45.34,158.2,88,13.45,287.7,111,12.95,13.8,3,3.73,3,True
MT,74,408,no,no,0,174.1,96,29.6,251.1,94,21.34,257.6,123,11.59,8.3,5,2.24,2,True
IN,65,415,no,no,0,129.1,137,21.95,228.5,83,19.42,208.8,111,9.4,12.7,6,3.43,4,True
TX,106,510,no,no,0,210.6,96,35.8,249.2,85,21.18,191.4,88,8.61,12.4,1,3.35,2,True
VA,68,408,yes,no,0,148.5,126,25.25,219.4,125,18.65,198.5,121,8.93,14.5,7,3.92,1,True
AR,118,415,no,no,0,267.8,145,45.53,316.4,121,26.89,208.6,91,9.39,14.4,11,3.89,5,True
OH,115,510,yes,no,0,345.3,81,58.7,203.4,106,17.29,217.5,107,9.79,11.8,8,3.19,1,True
MA,17,415,yes,no,0,162.8,118,27.68,229.6,91,19.52,332.7,94,14.97,13.6,3,3.67,0,True
UT,161,510,yes,no,0,194.2,106,33.01,249.4,105,21.2,254.9,129,11.47,12.9,1,3.48,1,True
TX,70,415,no,no,0,232.8,95,39.58,303.4,111,25.79,255.6,104,11.5,12.9,7,3.48,0,True
DE,122,510,no,no,0,157.1,134,26.71,184.9,122,15.72,197.2,59,8.87,8.5,5,2.3,4,True
CT,87,415,no,no,0,240.0,83,40.8,134.1,106,11.4,189.1,84,8.51,9.3,2,2.51,0,True
NV,74,415,no,no,0,282.5,114,48.03,219.9,48,18.69,170.0,115,7.65,9.4,4,2.54,1,True
FL,132,510,no,yes,36,226.2,103,38.45,181.6,125,15.44,258.8,102,11.65,10.5,5,2.84,3,True
MI,93,415,yes,no,0,216.9,61,36.87,207.4,120,17.63,221.7,110,9.98,17.5,5,4.73,1,True
DE,129,510,no,no,0,334.3,118,56.83,192.1,104,16.33,191.0,83,8.59,10.4,6,2.81,0,True
AR,127,415,yes,no,0,143.2,60,24.34,179.5,159,15.26,171.8,122,7.73,6.2,4,1.67,4,True
VT,113,415,no,no,0,272.1,111,46.26,268.5,118,22.82,213.8,105,9.62,8.5,10,2.3,1,True
MI,148,415,yes,no,0,233.5,81,39.7,187.7,71,15.95,122.3,97,5.5,9.6,2,2.59,0,True
AR,109,415,no,yes,29,111.2,90,18.9,263.5,98,22.4,224.7,128,10.11,9.0,6,2.43,6,True
UT,133,408,no,yes,44,174.0,80,29.58,209.4,113,17.8,224.1,87,10.08,14.1,7,3.81,2,True
CT,56,415,no,no,0,162.3,99,27.59,149.1,78,12.67,255.5,115,11.5,14.8,1,4.0,4,True
SC,209,510,no,no,0,255.1,124,43.37,230.6,110,19.6,218.0,69,9.81,8.5,5,2.3,3,True
MT,147,415,no,yes,35,197.3,134,33.54,141.1,99,11.99,212.1,90,9.54,10.1,4,2.73,2,True
MD,93,510,yes,no,0,131.4,78,22.34,219.7,106,18.67,155.7,103,7.01,11.1,2,3.0,1,True
PA,119,408,no,no,0,260.1,101,44.22,256.5,68,21.8,229.1,89,10.31,10.0,2,2.7,1,True
MA,127,408,yes,no,0,176.9,110,30.07,167.9,100,14.27,182.2,138,8.2,7.7,2,2.08,1,True
NC,182,415,no,no,0,279.5,118,47.52,203.2,113,17.27,174.2,101,7.84,10.7,4,2.89,2,True
DE,138,510,yes,no,0,46.5,104,7.91,186.0,114,15.81,167.5,95,7.54,9.6,4,2.59,4,True
TN,80,415,yes,no,0,276.5,122,47.01,195.6,79,16.63,210.3,78,9.46,7.2,3,1.94,1,True
MT,125,510,no,no,0,143.2,80,24.34,88.1,94,7.49,233.2,135,10.49,8.8,7,2.38,4,True
KY,113,408,no,yes,20,157.8,83,26.83,161.5,56,13.73,271.5,100,12.22,8.7,2,2.35,5,True
NV,105,415,yes,yes,29,220.7,82,37.52,217.7,110,18.5,190.5,100,8.57,13.2,6,3.56,1,True
TX,75,415,yes,no,0,222.4,78,37.81,327.0,111,27.8,208.0,104,9.36,8.7,9,2.35,1,True
NJ,135,510,no,yes,28,201.4,100,34.24,246.5,117,20.95,154.8,131,6.97,12.9,4,3.48,2,True
SD,104,510,no,no,0,234.2,128,39.81,293.1,92,24.91,183.9,79,8.28,9.8,6,2.65,0,True
ID,82,415,no,no,0,266.9,83,45.37,229.7,74,19.52,251.7,99,11.33,11.0,6,2.97,3,True
AK,177,415,yes,no,0,248.7,118,42.28,172.3,73,14.65,191.9,87,8.64,11.3,2,3.05,1,True
ND,71,510,no,no,0,238.0,82,40.46,278.5,94,23.67,193.1,134,8.69,11.8,10,3.19,0,True
SC,88,510,no,no,0,73.3,86,12.46,161.4,82,13.72,239.6,76,10.78,8.2,3,2.21,4,True
AK,111,415,no,no,0,172.8,58,29.38,183.1,108,15.56,158.8,104,7.15,7.9,3,2.13,4,True
MT,137,408,yes,no,0,258.0,112,43.86,246.5,117,20.95,173.2,100,7.79,10.9,3,2.94,0,True
UT,110,415,no,no,0,271.1,108,46.09,237.0,122,20.15,239.9,122,10.8,9.8,5,2.65,2,True
NC,133,408,yes,yes,32,221.1,137,37.59,264.9,99,22.52,168.9,108,7.6,15.4,4,4.16,2,True
DE,97,510,no,no,0,225.1,90,38.27,279.5,127,23.76,233.8,103,10.52,8.8,4,2.38,0,True
WY,127,510,yes,no,0,242.2,102,41.17,226.1,80,19.22,252.0,96,11.34,13.9,5,3.75,2,True
CT,115,415,no,no,0,245.0,97,41.65,250.7,75,21.31,270.2,124,12.16,13.7,8,3.7,1,True
WI,89,415,no,no,0,326.3,112,55.47,165.1,110,14.03,162.9,97,7.33,7.5,1,2.03,1,True
NE,159,415,no,no,0,189.1,105,32.15,246.1,147,20.92,242.0,106,10.89,10.4,5,2.81,1,True
IA,81,510,no,no,0,261.4,141,44.44,215.7,102,18.33,271.8,96,12.23,8.0,6,2.16,1,True
MN,100,415,yes,no,0,159.9,94,27.18,179.9,95,15.29,154.4,102,6.95,11.6,2,3.13,2,True
VT,95,510,yes,yes,41,136.8,91,23.26,200.8,61,17.07,133.7,67,6.02,10.3,9,2.78,5,True
NC,95,408,no,no,0,128.6,115,21.86,216.2,88,18.38,255.3,96,11.49,6.3,2,1.7,6,True
MS,120,408,no,no,0,212.1,131,36.06,209.4,104,17.8,167.2,96,7.52,5.3,5,1.43,1,True
IA,44,415,no,no,0,308.6,139,52.46,150.8,94,12.82,198.7,66,8.94,7.3,3,1.97,4,True
RI,103,510,yes,no,0,255.9,128,43.5,140.9,92,11.98,308.9,130,13.9,12.1,2,3.27,1,True
MS,162,415,no,no,0,70.7,108,12.02,157.5,87,13.39,154.8,82,6.97,9.1,3,2.46,4,True
NC,161,415,no,no,0,322.3,100,54.79,230.4,135,19.58,241.5,104,10.87,7.8,5,2.11,2,True
ND,101,415,no,yes,36,123.7,125,21.03,172.6,106,14.67,280.5,127,12.62,8.8,4,2.38,1,True
DE,113,415,no,no,0,239.7,47,40.75,282.9,110,24.05,238.4,88,10.73,8.7,3,2.35,2,True
FL,144,510,no,no,0,278.5,95,47.35,240.7,90,20.46,120.0,90,5.4,11.6,5,3.13,1,True
WI,161,408,no,no,0,154.7,84,26.3,177.8,125,15.11,172.9,90,7.78,5.9,2,1.59,4,True
NV,42,415,no,no,0,303.9,106,51.66,232.2,54,19.74,147.1,76,6.62,5.8,3,1.57,1,True
